epoch,score,lines,actions
1,15,0,54
2,16,0,79
3,12,0,57
4,10,0,39
5,9,0,32
6,11,0,37
7,10,0,28
8,11,0,30
9,13,0,51
10,12,0,31
11,14,0,73
12,14,0,66
13,11,0,46
14,11,0,40
15,15,0,43
16,16,0,56
17,10,0,43
18,12,0,33
19,11,0,44
20,13,0,68
21,12,0,65
22,13,0,58
23,10,0,33
24,13,0,44
25,11,0,52
26,11,0,49
27,11,0,29
28,15,0,84
29,11,0,38
30,9,0,26
31,11,0,30
32,11,0,44
33,12,0,46
34,13,0,47
35,11,0,42
36,11,0,27
37,10,0,21
38,15,0,62
39,16,0,61
40,13,0,48
41,12,0,70
42,11,0,32
43,9,0,18
44,11,0,27
45,15,0,63
46,10,0,43
47,12,0,36
48,13,0,50
49,12,0,34
50,15,0,67
51,13,0,41
52,13,0,62
53,11,0,52
54,12,0,61
55,15,0,61
56,13,0,42
57,10,0,24
58,15,0,64
59,12,0,58
60,12,0,31
61,11,0,35
62,14,0,42
63,14,0,46
64,11,0,31
65,10,0,27
66,15,0,62
67,14,0,48
68,10,0,31
69,10,0,34
70,13,0,36
71,13,0,45
72,12,0,28
73,11,0,35
74,15,0,57
75,12,0,74
76,15,0,65
77,10,0,32
78,16,0,74
79,12,0,44
80,9,0,33
81,12,0,36
82,15,0,52
83,8,0,27
84,12,0,62
85,16,0,66
86,14,0,53
87,13,0,39
88,14,0,40
89,14,0,58
90,14,0,60
91,11,0,30
92,11,0,42
93,11,0,52
94,14,0,72
95,14,0,61
96,12,0,40
97,15,0,63
98,12,0,41
99,10,0,55
100,16,0,87
101,18,0,79
102,12,0,37
103,13,0,36
104,16,0,71
105,14,0,40
106,13,0,54
107,13,0,47
108,12,0,52
109,10,0,41
110,8,0,25
111,11,0,40
112,15,0,52
113,12,0,21
114,11,0,62
115,15,0,82
116,12,0,34
117,9,0,28
118,16,0,74
119,13,0,62
120,13,0,58
121,15,0,54
122,11,0,47
123,14,0,49
124,15,0,76
125,15,0,68
126,13,0,54
127,12,0,39
128,9,0,19
129,12,0,45
130,12,0,50
131,13,0,73
132,15,0,70
133,13,0,55
134,12,0,41
135,13,0,52
136,11,0,35
137,12,0,50
138,12,0,31
139,16,0,70
140,13,0,49
141,15,0,51
142,17,0,80
143,14,0,43
144,13,0,49
145,10,0,40
146,14,0,36
147,12,0,42
148,14,0,48
149,13,0,56
150,15,0,57
151,14,0,83
152,11,0,40
153,11,0,23
154,14,0,41
155,16,0,74
156,11,0,55
157,11,0,41
158,14,0,49
159,11,0,26
160,11,0,37
161,11,0,54
162,12,0,41
163,15,0,84
164,15,0,65
165,14,0,64
166,10,0,27
167,12,0,39
168,10,0,35
169,13,0,39
170,14,0,45
171,11,0,50
172,14,0,72
173,14,0,57
174,13,0,65
175,12,0,39
176,11,0,34
177,12,0,29
178,10,0,40
179,18,0,72
180,12,0,52
181,15,0,66
182,11,0,42
183,10,0,38
184,12,0,36
185,15,0,77
186,9,0,33
187,11,0,31
188,15,0,49
189,14,0,57
190,11,0,39
191,13,0,56
192,13,0,60
193,10,0,27
194,13,0,46
195,16,0,83
196,11,0,43
197,14,0,47
198,18,0,99
199,13,0,61
200,14,0,59
201,13,0,65
202,17,0,80
203,12,0,46
204,15,0,65
205,19,0,103
206,13,0,63
207,10,0,26
208,15,0,80
209,12,0,44
210,13,0,60
211,13,0,41
212,15,0,50
213,14,0,77
214,13,0,65
215,9,0,29
216,10,0,32
217,13,0,59
218,18,0,88
219,14,0,63
220,15,0,60
221,12,0,35
222,11,0,57
223,10,0,21
224,13,0,52
225,15,0,49
226,13,0,57
227,13,0,58
228,12,0,57
229,14,0,46
230,14,0,58
231,15,0,60
232,13,0,31
233,13,0,46
234,11,0,39
235,14,0,67
236,13,0,56
237,15,0,83
238,12,0,39
239,10,0,32
240,15,0,68
241,18,0,87
242,14,0,61
243,10,0,25
244,12,0,51
245,10,0,47
246,13,0,55
247,16,0,72
248,17,0,78
249,15,0,66
250,12,0,38
251,13,0,54
252,12,0,54
253,15,0,62
254,18,0,80
255,11,0,43
256,13,0,52
257,10,0,65
258,13,0,54
259,15,0,54
260,13,0,27
261,13,0,58
262,14,0,64
263,11,0,51
264,14,0,88
265,17,0,83
266,14,0,52
267,11,0,53
268,13,0,41
269,14,0,68
270,14,0,61
271,15,0,55
272,13,0,63
273,16,0,77
274,12,0,39
275,12,0,50
276,10,0,78
277,12,0,52
278,14,0,68
279,20,0,85
280,16,0,99
281,12,0,29
282,12,0,61
283,12,0,37
284,13,0,58
285,11,0,40
286,12,0,47
287,10,0,48
288,12,0,54
289,15,0,52
290,12,0,46
291,14,0,62
292,14,0,58
293,13,0,69
294,12,0,81
295,15,0,40
296,13,0,58
297,12,0,50
298,16,0,77
299,14,0,46
300,12,0,32
301,18,0,71
302,11,0,57
303,9,0,34
304,17,0,92
305,15,0,60
306,11,0,48
307,11,0,68
308,13,0,48
309,16,0,77
310,16,0,80
311,15,0,90
312,12,0,61
313,10,0,44
314,10,0,28
315,11,0,43
316,17,0,81
317,15,0,89
318,15,0,72
319,14,0,51
320,13,0,58
321,13,0,79
322,17,0,84
323,14,0,43
324,15,0,114
325,14,0,59
326,14,0,49
327,12,0,76
328,14,0,68
329,14,0,41
330,13,0,51
331,10,0,31
332,17,0,70
333,12,0,44
334,12,0,51
335,15,0,81
336,14,0,44
337,12,0,35
338,14,0,57
339,15,0,60
340,15,0,90
341,19,0,113
342,14,0,75
343,11,0,73
344,17,0,85
345,15,0,82
346,13,0,48
347,16,0,92
348,12,0,44
349,11,0,45
350,14,0,48
351,12,0,55
352,14,0,63
353,14,0,55
354,13,0,63
355,14,0,74
356,15,0,61
357,15,0,55
358,13,0,46
359,18,0,96
360,16,0,58
361,14,0,85
362,10,0,45
363,12,0,54
364,15,0,58
365,13,0,58
366,14,0,52
367,13,0,57
368,10,0,36
369,17,0,103
370,14,0,88
371,11,0,29
372,15,0,80
373,11,0,62
374,15,0,58
375,13,0,69
376,14,0,57
377,11,0,35
378,14,0,55
379,17,0,95
380,11,0,69
381,12,0,33
382,15,0,67
383,13,0,53
384,17,0,77
385,11,0,49
386,15,0,62
387,14,0,35
388,15,0,66
389,14,0,47
390,19,0,81
391,14,0,64
392,15,0,64
393,15,0,66
394,11,0,53
395,13,0,62
396,13,0,59
397,15,0,53
398,14,0,55
399,11,0,56
400,13,0,55
401,14,0,84
402,13,0,107
403,18,0,68
404,12,0,39
405,17,0,74
406,17,0,106
407,16,0,73
408,13,0,63
409,13,0,60
410,15,0,56
411,20,0,102
412,13,0,74
413,15,0,59
414,17,0,95
415,13,0,61
416,13,0,47
417,15,0,77
418,14,0,58
419,18,0,106
420,11,0,41
421,13,0,60
422,16,0,72
423,11,0,34
424,14,0,76
425,14,0,76
426,16,0,93
427,18,0,138
428,16,0,97
429,13,0,59
430,16,0,94
431,14,0,48
432,16,0,113
433,16,0,100
434,15,0,45
435,16,0,91
436,14,0,71
437,16,0,69
438,12,0,75
439,20,0,137
440,19,0,103
441,13,0,44
442,13,0,54
443,16,0,77
444,14,0,55
445,16,0,76
446,19,0,115
447,14,0,96
448,15,0,70
449,12,0,54
450,9,0,46
451,17,0,105
452,19,0,121
453,15,0,102
454,15,0,59
455,15,0,80
456,12,0,50
457,10,0,32
458,14,0,55
459,12,0,48
460,16,0,77
461,11,0,29
462,14,0,68
463,11,0,27
464,11,0,46
465,14,0,49
466,13,0,58
467,18,0,68
468,11,0,45
469,12,0,41
470,15,0,75
471,17,0,113
472,17,0,98
473,12,0,63
474,13,0,73
475,11,0,48
476,11,0,67
477,16,0,91
478,12,0,49
479,16,0,78
480,13,0,65
481,13,0,37
482,16,0,79
483,12,0,71
484,28,1,92
485,15,0,94
486,14,0,41
487,13,0,41
488,13,0,45
489,14,0,64
490,11,0,43
491,13,0,66
492,15,0,95
493,13,0,88
494,16,0,64
495,13,0,93
496,18,0,112
497,13,0,61
498,19,0,102
499,19,0,114
500,14,0,94
501,17,0,112
502,18,0,93
503,21,0,123
504,15,0,76
505,16,0,97
506,16,0,76
507,28,1,121
508,12,0,77
509,15,0,77
510,12,0,53
511,13,0,49
512,17,0,83
513,14,0,60
514,13,0,72
515,16,0,72
516,14,0,64
517,19,0,97
518,16,0,74
519,19,0,112
520,20,0,110
521,12,0,31
522,17,0,119
523,15,0,61
524,13,0,63
525,12,0,76
526,18,0,75
527,16,0,84
528,16,0,73
529,19,0,102
530,11,0,50
531,12,0,36
532,16,0,83
533,12,0,51
534,14,0,72
535,14,0,84
536,17,0,109
537,10,0,46
538,12,0,46
539,15,0,78
540,21,0,139
541,13,0,50
542,12,0,66
543,15,0,83
544,12,0,56
545,11,0,47
546,16,0,71
547,17,0,110
548,15,0,79
549,14,0,53
550,16,0,77
551,13,0,62
552,16,0,82
553,14,0,68
554,14,0,70
555,13,0,62
556,14,0,83
557,11,0,72
558,16,0,66
559,13,0,84
560,17,0,107
561,12,0,45
562,17,0,77
563,13,0,37
564,12,0,70
565,11,0,28
566,18,0,96
567,13,0,67
568,15,0,43
569,14,0,84
570,15,0,68
571,14,0,74
572,11,0,57
573,14,0,59
574,15,0,63
575,13,0,29
576,10,0,35
577,12,0,26
578,16,0,69
579,15,0,76
580,13,0,70
581,11,0,43
582,14,0,49
583,16,0,106
584,14,0,45
585,10,0,36
586,11,0,35
587,11,0,38
588,9,0,39
589,12,0,39
590,12,0,28
591,14,0,45
592,13,0,33
593,12,0,36
594,13,0,66
595,9,0,19
596,12,0,27
597,10,0,38
598,12,0,27
599,14,0,42
600,12,0,29
601,10,0,25
602,11,0,36
603,10,0,48
604,11,0,31
605,12,0,24
606,12,0,35
607,11,0,37
608,12,0,45
609,13,0,58
610,14,0,51
611,20,0,104
612,11,0,32
613,19,0,97
614,15,0,74
615,12,0,27
616,9,0,18
617,15,0,55
618,10,0,32
619,12,0,34
620,11,0,33
621,11,0,23
622,9,0,11
623,14,0,30
624,14,0,58
625,15,0,53
626,13,0,41
627,10,0,22
628,11,0,34
629,16,0,48
630,16,0,110
631,15,0,72
632,9,0,19
633,13,0,49
634,13,0,70
635,10,0,25
636,10,0,27
637,13,0,44
638,12,0,37
639,12,0,29
640,13,0,45
641,11,0,37
642,11,0,28
643,12,0,45
644,12,0,26
645,13,0,56
646,12,0,32
647,13,0,25
648,12,0,30
649,14,0,37
650,11,0,22
651,11,0,21
652,8,0,17
653,14,0,65
654,14,0,41
655,11,0,33
656,12,0,27
657,12,0,42
658,14,0,55
659,11,0,29
660,10,0,26
661,12,0,60
662,13,0,53
663,12,0,32
664,11,0,23
665,14,0,73
666,13,0,69
667,18,0,102
668,12,0,23
669,16,0,84
670,10,0,32
671,11,0,21
672,10,0,15
673,10,0,13
674,9,0,16
675,8,0,15
676,13,0,53
677,16,0,60
678,12,0,29
679,12,0,48
680,16,0,64
681,16,0,56
682,14,0,70
683,14,0,44
684,10,0,29
685,16,0,95
686,11,0,32
687,15,0,61
688,16,0,78
689,16,0,67
690,17,0,79
691,21,0,128
692,14,0,60
693,13,0,66
694,15,0,42
695,13,0,34
696,11,0,49
697,12,0,29
698,13,0,44
699,13,0,69
700,10,0,17
701,16,0,61
702,15,0,117
703,13,0,32
704,13,0,46
705,14,0,35
706,12,0,39
707,14,0,56
708,12,0,41
709,14,0,50
710,15,0,94
711,12,0,41
712,18,0,85
713,13,0,39
714,15,0,54
715,17,0,111
716,18,0,133
717,10,0,37
718,11,0,82
719,14,0,70
720,15,0,68
721,9,0,31
722,11,0,43
723,11,0,29
724,10,0,42
725,14,0,32
726,12,0,35
727,14,0,48
728,10,0,32
729,10,0,42
730,11,0,64
731,10,0,37
732,12,0,44
733,13,0,40
734,11,0,30
735,13,0,29
736,12,0,47
737,14,0,66
738,13,0,62
739,12,0,24
740,15,0,76
741,9,0,43
742,9,0,15
743,11,0,24
744,11,0,38
745,15,0,65
746,12,0,40
747,13,0,58
748,14,0,46
749,11,0,35
750,14,0,58
751,11,0,36
752,14,0,76
753,16,0,76
754,14,0,41
755,13,0,36
756,11,0,32
757,9,0,18
758,16,0,76
759,16,0,57
760,12,0,34
761,12,0,38
762,10,0,13
763,22,0,100
764,11,0,29
765,13,0,59
766,15,0,56
767,10,0,23
768,8,0,19
769,14,0,60
770,11,0,34
771,12,0,44
772,11,0,33
773,11,0,20
774,11,0,34
775,11,0,50
776,12,0,26
777,11,0,29
778,13,0,31
779,12,0,33
780,15,0,64
781,12,0,24
782,14,0,59
783,13,0,52
784,11,0,21
785,13,0,59
786,13,0,57
787,14,0,52
788,10,0,24
789,10,0,28
790,14,0,38
791,12,0,42
792,9,0,17
793,14,0,36
794,15,0,52
795,14,0,46
796,12,0,36
797,14,0,55
798,13,0,40
799,13,0,48
800,12,0,32
801,13,0,73
802,25,1,82
803,15,0,56
804,11,0,25
805,10,0,22
806,11,0,37
807,11,0,23
808,10,0,29
809,13,0,31
810,9,0,23
811,15,0,59
812,14,0,50
813,13,0,51
814,14,0,46
815,10,0,22
816,16,0,70
817,12,0,31
818,9,0,22
819,12,0,43
820,15,0,70
821,13,0,35
822,10,0,22
823,14,0,59
824,16,0,108
825,11,0,28
826,14,0,40
827,13,0,33
828,9,0,20
829,16,0,55
830,9,0,13
831,12,0,45
832,9,0,17
833,11,0,24
834,11,0,24
835,15,0,44
836,11,0,39
837,16,0,58
838,14,0,55
839,10,0,26
840,12,0,45
841,13,0,43
842,13,0,53
843,11,0,28
844,10,0,16
845,11,0,25
846,12,0,39
847,13,0,40
848,11,0,22
849,12,0,30
850,13,0,37
851,11,0,27
852,9,0,21
853,13,0,41
854,14,0,61
855,27,1,77
856,16,0,90
857,14,0,41
858,16,0,78
859,16,0,63
860,11,0,39
861,14,0,39
862,14,0,65
863,14,0,55
864,10,0,19
865,16,0,55
866,13,0,35
867,11,0,26
868,15,0,41
869,13,0,46
870,15,0,48
871,12,0,29
872,10,0,20
873,12,0,29
874,13,0,41
875,11,0,20
876,15,0,37
877,15,0,41
878,11,0,35
879,13,0,40
880,9,0,15
881,10,0,22
882,14,0,48
883,10,0,12
884,12,0,39
885,11,0,21
886,10,0,17
887,11,0,30
888,13,0,25
889,10,0,19
890,12,0,34
891,13,0,32
892,9,0,16
893,11,0,25
894,11,0,13
895,13,0,32
896,8,0,13
897,12,0,25
898,10,0,21
899,13,0,59
900,14,0,31
901,14,0,36
902,12,0,41
903,11,0,18
904,9,0,18
905,11,0,16
906,10,0,16
907,20,0,81
908,13,0,31
909,11,0,14
910,10,0,14
911,11,0,22
912,9,0,16
913,12,0,22
914,9,0,11
915,10,0,23
916,12,0,26
917,10,0,27
918,9,0,15
919,11,0,24
920,9,0,12
921,13,0,40
922,9,0,11
923,11,0,27
924,13,0,35
925,13,0,31
926,10,0,16
927,11,0,15
928,10,0,41
929,11,0,19
930,12,0,30
931,11,0,16
932,15,0,57
933,9,0,17
934,10,0,13
935,15,0,40
936,10,0,30
937,9,0,23
938,10,0,15
939,12,0,30
940,12,0,39
941,17,0,48
942,14,0,33
943,10,0,34
944,9,0,20
945,11,0,17
946,12,0,33
947,11,0,19
948,15,0,80
949,11,0,20
950,11,0,16
951,12,0,28
952,11,0,16
953,11,0,17
954,12,0,30
955,12,0,45
956,11,0,27
957,10,0,21
958,13,0,24
959,12,0,30
960,12,0,18
961,11,0,36
962,10,0,13
963,10,0,21
964,13,0,48
965,12,0,30
966,11,0,19
967,11,0,18
968,11,0,15
969,12,0,34
970,9,0,14
971,13,0,30
972,11,0,15
973,11,0,37
974,9,0,15
975,12,0,38
976,14,0,25
977,9,0,19
978,11,0,19
979,12,0,25
980,10,0,27
981,12,0,33
982,10,0,16
983,13,0,36
984,10,0,18
985,11,0,31
986,11,0,22
987,14,0,32
988,12,0,24
989,9,0,16
990,11,0,17
991,10,0,24
992,11,0,21
993,10,0,19
994,13,0,40
995,12,0,29
996,13,0,28
997,12,0,23
998,21,0,120
999,16,0,70
1000,10,0,35
1001,13,0,45
1002,11,0,23
1003,17,0,44
1004,14,0,31
1005,11,0,26
1006,13,0,44
1007,13,0,27
1008,9,0,11
1009,10,0,17
1010,12,0,26
1011,10,0,16
1012,10,0,21
1013,11,0,20
1014,13,0,52
1015,11,0,21
1016,12,0,19
1017,15,0,55
1018,11,0,31
1019,13,0,33
1020,9,0,20
1021,12,0,28
1022,14,0,39
1023,10,0,16
1024,10,0,18
1025,9,0,14
1026,10,0,15
1027,9,0,10
1028,9,0,17
1029,13,0,37
1030,13,0,31
1031,13,0,34
1032,9,0,11
1033,11,0,16
1034,17,0,68
1035,10,0,18
1036,8,0,10
1037,13,0,26
1038,9,0,20
1039,11,0,19
1040,12,0,29
1041,9,0,21
1042,11,0,20
1043,12,0,27
1044,13,0,27
1045,13,0,36
1046,10,0,15
1047,12,0,33
1048,13,0,30
1049,8,0,13
1050,12,0,26
1051,13,0,27
1052,10,0,26
1053,12,0,19
1054,13,0,24
1055,11,0,22
1056,14,0,42
1057,13,0,27
1058,11,0,28
1059,13,0,28
1060,12,0,18
1061,11,0,19
1062,12,0,23
1063,9,0,21
1064,14,0,42
1065,13,0,36
1066,11,0,25
1067,10,0,18
1068,14,0,37
1069,12,0,19
1070,12,0,27
1071,10,0,22
1072,10,0,16
1073,12,0,26
1074,15,0,43
1075,12,0,22
1076,12,0,18
1077,14,0,31
1078,10,0,17
1079,9,0,19
1080,12,0,29
1081,11,0,28
1082,9,0,20
1083,14,0,35
1084,16,0,37
1085,10,0,15
1086,10,0,21
1087,12,0,24
1088,11,0,21
1089,10,0,20
1090,14,0,36
1091,14,0,27
1092,12,0,27
1093,13,0,30
1094,11,0,34
1095,14,0,37
1096,12,0,24
1097,12,0,22
1098,12,0,28
1099,11,0,25
1100,14,0,32
1101,11,0,19
1102,16,0,45
1103,14,0,28
1104,11,0,19
1105,10,0,16
1106,13,0,23
1107,10,0,15
1108,12,0,28
1109,12,0,28
1110,11,0,18
1111,11,0,26
1112,13,0,36
1113,11,0,21
1114,12,0,22
1115,11,0,17
1116,13,0,27
1117,12,0,27
1118,12,0,25
1119,15,0,39
1120,10,0,22
1121,12,0,34
1122,15,0,67
1123,14,0,43
1124,14,0,55
1125,16,0,42
1126,13,0,28
1127,10,0,23
1128,11,0,17
1129,12,0,21
1130,12,0,30
1131,12,0,25
1132,12,0,39
1133,10,0,26
1134,12,0,33
1135,10,0,14
1136,18,0,58
1137,11,0,27
1138,15,0,45
1139,10,0,16
1140,11,0,21
1141,11,0,23
1142,13,0,37
1143,13,0,30
1144,17,0,58
1145,13,0,27
1146,10,0,23
1147,12,0,33
1148,12,0,30
1149,14,0,31
1150,14,0,34
1151,18,0,57
1152,14,0,40
1153,13,0,24
1154,17,0,38
1155,11,0,21
1156,9,0,19
1157,10,0,24
1158,13,0,21
1159,13,0,32
1160,11,0,23
1161,16,0,39
1162,15,0,47
1163,12,0,24
1164,10,0,18
1165,16,0,48
1166,15,0,57
1167,15,0,33
1168,11,0,22
1169,12,0,24
1170,12,0,26
1171,13,0,34
1172,11,0,38
1173,10,0,20
1174,15,0,39
1175,10,0,17
1176,15,0,39
1177,16,0,72
1178,17,0,76
1179,14,0,45
1180,17,0,53
1181,11,0,23
1182,16,0,54
1183,16,0,42
1184,19,0,58
1185,17,0,42
1186,15,0,37
1187,19,0,64
1188,19,0,90
1189,15,0,30
1190,17,0,77
1191,15,0,32
1192,13,0,32
1193,12,0,19
1194,12,0,24
1195,15,0,30
1196,14,0,37
1197,16,0,40
1198,20,0,77
1199,11,0,26
1200,16,0,53
1201,18,0,83
1202,23,0,138
1203,13,0,29
1204,13,0,26
1205,16,0,48
1206,14,0,32
1207,12,0,22
1208,14,0,34
1209,13,0,32
1210,14,0,47
1211,14,0,36
1212,15,0,43
1213,11,0,21
1214,16,0,42
1215,17,0,48
1216,14,0,40
1217,17,0,82
1218,14,0,48
1219,15,0,35
1220,16,0,45
1221,12,0,35
1222,13,0,40
1223,15,0,38
1224,18,0,49
1225,19,0,67
1226,18,0,54
1227,15,0,74
1228,21,0,98
1229,14,0,44
1230,24,0,96
1231,12,0,32
1232,18,0,45
1233,16,0,41
1234,13,0,31
1235,14,0,33
1236,24,0,97
1237,16,0,57
1238,19,0,95
1239,14,0,34
1240,21,0,141
1241,11,0,51
1242,15,0,46
1243,17,0,46
1244,14,0,47
1245,19,0,89
1246,22,0,79
1247,12,0,44
1248,13,0,59
1249,21,0,86
1250,14,0,29
1251,18,0,69
1252,16,0,66
1253,19,0,96
1254,20,0,71
1255,15,0,48
1256,17,0,48
1257,20,0,89
1258,15,0,50
1259,23,0,125
1260,17,0,59
1261,16,0,59
1262,21,0,114
1263,21,0,109
1264,19,0,57
1265,32,1,118
1266,16,0,101
1267,17,0,61
1268,16,0,46
1269,15,0,41
1270,22,0,118
1271,15,0,64
1272,16,0,49
1273,22,0,69
1274,16,0,46
1275,22,0,77
1276,20,0,77
1277,20,0,58
1278,15,0,38
1279,22,0,82
1280,22,0,73
1281,18,0,66
1282,20,0,94
1283,18,0,46
1284,18,0,53
1285,16,0,74
1286,18,0,70
1287,22,0,86
1288,15,0,42
1289,14,0,34
1290,19,0,83
1291,20,0,80
1292,20,0,88
1293,24,0,85
1294,19,0,61
1295,15,0,36
1296,23,0,101
1297,17,0,48
1298,21,0,63
1299,17,0,56
1300,18,0,82
1301,22,0,128
1302,17,0,45
1303,19,0,54
1304,16,0,50
1305,18,0,50
1306,19,0,91
1307,17,0,45
1308,22,0,68
1309,21,0,78
1310,21,0,62
1311,15,0,57
1312,17,0,38
1313,20,0,52
1314,16,0,46
1315,18,0,55
1316,17,0,50
1317,23,0,104
1318,24,0,102
1319,14,0,32
1320,19,0,69
1321,19,0,58
1322,23,0,86
1323,19,0,52
1324,21,0,95
1325,25,0,90
1326,19,0,55
1327,22,0,68
1328,17,0,76
1329,17,0,41
1330,20,0,64
1331,19,0,51
1332,21,0,71
1333,16,0,50
1334,22,0,113
1335,17,0,56
1336,19,0,57
1337,20,0,76
1338,21,0,70
1339,20,0,61
1340,20,0,87
1341,20,0,127
1342,24,0,86
1343,21,0,68
1344,22,0,142
1345,22,0,64
1346,16,0,49
1347,16,0,38
1348,21,0,79
1349,13,0,40
1350,21,0,64
1351,19,0,61
1352,16,0,38
1353,22,0,67
1354,22,0,68
1355,24,0,79
1356,20,0,89
1357,18,0,72
1358,22,0,69
1359,22,0,63
1360,25,0,108
1361,20,0,60
1362,20,0,65
1363,21,0,71
1364,14,0,36
1365,18,0,68
1366,21,0,60
1367,19,0,48
1368,24,0,82
1369,14,0,36
1370,24,0,82
1371,22,0,69
1372,20,0,58
1373,21,0,89
1374,22,0,86
1375,16,0,65
1376,17,0,48
1377,21,0,61
1378,18,0,56
1379,22,0,92
1380,14,0,62
1381,19,0,62
1382,23,0,66
1383,14,0,29
1384,26,0,91
1385,18,0,67
1386,19,0,50
1387,15,0,46
1388,26,0,121
1389,21,0,60
1390,22,0,72
1391,19,0,55
1392,22,0,68
1393,23,0,64
1394,21,0,65
1395,19,0,61
1396,17,0,48
1397,20,0,59
1398,22,0,69
1399,23,0,72
1400,19,0,50
1401,20,0,49
1402,23,0,79
1403,22,0,67
1404,37,1,90
1405,21,0,96
1406,21,0,112
1407,14,0,46
1408,21,0,64
1409,23,0,97
1410,16,0,38
1411,21,0,67
1412,16,0,48
1413,19,0,61
1414,19,0,44
1415,23,0,71
1416,25,0,83
1417,27,0,91
1418,21,0,62
1419,21,0,67
1420,23,0,58
1421,17,0,47
1422,18,0,45
1423,22,0,66
1424,22,0,62
1425,16,0,36
1426,21,0,61
1427,19,0,52
1428,18,0,54
1429,13,0,32
1430,20,0,56
1431,18,0,58
1432,21,0,56
1433,19,0,51
1434,21,0,63
1435,24,0,76
1436,18,0,48
1437,20,0,52
1438,18,0,59
1439,26,0,84
1440,25,0,77
1441,20,0,53
1442,23,0,65
1443,19,0,49
1444,25,0,85
1445,22,0,60
1446,19,0,62
1447,25,0,88
1448,23,0,79
1449,21,0,67
1450,19,0,64
1451,22,0,66
1452,19,0,58
1453,25,0,80
1454,21,0,55
1455,23,0,73
1456,18,0,45
1457,22,0,57
1458,21,0,62
1459,20,0,51
1460,23,0,75
1461,21,0,56
1462,25,0,69
1463,24,0,62
1464,22,0,62
1465,21,0,65
1466,17,0,42
1467,26,0,86
1468,19,0,53
1469,22,0,73
1470,22,0,68
1471,22,0,89
1472,20,0,54
1473,25,0,84
1474,23,0,71
1475,25,0,77
1476,21,0,66
1477,19,0,76
1478,12,0,33
1479,23,0,90
1480,23,0,61
1481,20,0,57
1482,24,0,68
1483,19,0,56
1484,22,0,65
1485,22,0,68
1486,27,0,110
1487,19,0,49
1488,25,0,70
1489,21,0,63
1490,22,0,60
1491,25,0,74
1492,22,0,68
1493,15,0,31
1494,26,0,87
1495,20,0,61
1496,19,0,48
1497,25,0,68
1498,20,0,56
1499,23,0,61
1500,25,0,75
1501,21,0,59
1502,26,0,73
1503,22,0,70
1504,22,0,60
1505,23,0,71
1506,22,0,60
1507,24,0,83
1508,23,0,59
1509,18,0,48
1510,19,0,48
1511,24,0,70
1512,20,0,65
1513,22,0,72
1514,25,0,67
1515,21,0,63
1516,22,0,72
1517,19,0,45
1518,20,0,52
1519,21,0,59
1520,23,0,73
1521,18,0,49
1522,19,0,65
1523,20,0,57
1524,20,0,54
1525,19,0,52
1526,20,0,58
1527,24,0,65
1528,23,0,68
1529,24,0,69
1530,25,0,81
1531,21,0,59
1532,24,0,75
1533,25,0,75
1534,23,0,65
1535,20,0,53
1536,25,0,91
1537,27,0,77
1538,22,0,55
1539,24,0,71
1540,23,0,69
1541,21,0,55
1542,24,0,71
1543,21,0,59
1544,20,0,53
1545,20,0,59
1546,21,0,67
1547,24,0,70
1548,20,0,58
1549,25,0,95
1550,21,0,59
1551,22,0,61
1552,24,0,61
1553,20,0,50
1554,21,0,63
1555,22,0,56
1556,22,0,69
1557,23,0,71
1558,21,0,62
1559,21,0,54
1560,18,0,53
1561,19,0,61
1562,20,0,51
1563,23,0,66
1564,22,0,65
1565,25,0,74
1566,27,0,84
1567,24,0,71
1568,23,0,61
1569,19,0,48
1570,19,0,54
1571,20,0,54
1572,20,0,62
1573,24,0,88
1574,23,0,79
1575,17,0,42
1576,22,0,72
1577,17,0,48
1578,23,0,77
1579,25,0,81
1580,35,1,74
1581,22,0,60
1582,23,0,74
1583,21,0,57
1584,20,0,55
1585,23,0,71
1586,19,0,52
1587,22,0,73
1588,22,0,61
1589,22,0,74
1590,20,0,51
1591,20,0,52
1592,20,0,62
1593,28,0,84
1594,24,0,75
1595,25,0,75
1596,21,0,58
1597,14,0,38
1598,25,0,80
1599,23,0,67
1600,25,0,93
1601,21,0,56
1602,19,0,54
1603,20,0,56
1604,24,0,76
1605,22,0,61
1606,22,0,66
1607,19,0,48
1608,23,0,62
1609,25,0,103
1610,24,0,96
1611,26,0,79
1612,26,0,76
1613,21,0,66
1614,18,0,51
1615,20,0,63
1616,23,0,78
1617,23,0,77
1618,21,0,66
1619,20,0,62
1620,24,0,92
1621,21,0,77
1622,15,0,39
1623,23,0,71
1624,17,0,88
1625,22,0,75
1626,23,0,62
1627,23,0,75
1628,18,0,49
1629,23,0,74
1630,25,0,79
1631,23,0,79
1632,24,0,78
1633,23,0,74
1634,21,0,58
1635,23,0,65
1636,21,0,67
1637,21,0,59
1638,19,0,69
1639,21,0,56
1640,26,0,73
1641,22,0,64
1642,22,0,82
1643,25,0,79
1644,22,0,66
1645,26,0,72
1646,22,0,64
1647,22,0,74
1648,25,0,70
1649,20,0,55
1650,20,0,57
1651,20,0,58
1652,22,0,62
1653,26,0,83
1654,21,0,58
1655,20,0,60
1656,24,0,74
1657,21,0,54
1658,21,0,61
1659,17,0,45
1660,22,0,63
1661,24,0,75
1662,21,0,56
1663,17,0,47
1664,23,0,64
1665,21,0,64
1666,25,0,71
1667,23,0,74
1668,26,0,76
1669,33,1,82
1670,24,0,70
1671,27,0,86
1672,23,0,63
1673,21,0,56
1674,22,0,61
1675,24,0,65
1676,21,0,60
1677,22,0,62
1678,20,0,59
1679,23,0,64
1680,20,0,57
1681,27,0,72
1682,32,1,67
1683,22,0,62
1684,25,0,91
1685,28,0,89
1686,22,0,61
1687,22,0,65
1688,26,0,75
1689,22,0,58
1690,23,0,64
1691,22,0,60
1692,26,0,85
1693,21,0,79
1694,19,0,54
1695,24,0,71
1696,21,0,58
1697,25,0,70
1698,21,0,60
1699,27,0,83
1700,23,0,74
1701,23,0,70
1702,22,0,62
1703,24,0,89
1704,20,0,57
1705,22,0,58
1706,15,0,54
1707,24,0,77
1708,17,0,50
1709,22,0,79
1710,19,0,54
1711,23,0,68
1712,23,0,81
1713,26,0,77
1714,19,0,61
1715,20,0,78
1716,24,0,83
1717,24,0,71
1718,20,0,54
1719,17,0,49
1720,27,0,90
1721,24,0,69
1722,22,0,60
1723,23,0,72
1724,21,0,61
1725,24,0,67
1726,25,0,78
1727,22,0,55
1728,22,0,64
1729,22,0,61
1730,23,0,79
1731,22,0,65
1732,22,0,65
1733,20,0,66
1734,23,0,68
1735,22,0,69
1736,21,0,59
1737,21,0,55
1738,24,0,82
1739,21,0,60
1740,25,0,74
1741,25,0,75
1742,21,0,59
1743,35,1,80
1744,23,0,66
1745,23,0,73
1746,23,0,84
1747,18,0,61
1748,21,0,59
1749,23,0,102
1750,24,0,69
1751,22,0,67
1752,22,0,60
1753,25,0,69
1754,23,0,60
1755,24,0,70
1756,21,0,57
1757,24,0,73
1758,19,0,54
1759,23,0,79
1760,24,0,68
1761,24,0,81
1762,19,0,54
1763,23,0,65
1764,19,0,57
1765,22,0,62
1766,22,0,59
1767,21,0,59
1768,24,0,67
1769,23,0,74
1770,21,0,60
1771,23,0,77
1772,18,0,51
1773,18,0,51
1774,18,0,53
1775,23,0,62
1776,20,0,52
1777,21,0,64
1778,18,0,46
1779,25,0,80
1780,24,0,72
1781,25,0,83
1782,22,0,66
1783,21,0,56
1784,26,0,76
1785,18,0,44
1786,24,0,70
1787,21,0,61
1788,20,0,54
1789,25,0,78
1790,21,0,58
1791,23,0,69
1792,25,0,81
1793,21,0,62
1794,19,0,65
1795,16,0,54
1796,21,0,56
1797,24,0,65
1798,25,0,73
1799,25,0,70
1800,21,0,57
1801,21,0,53
1802,22,0,79
1803,22,0,60
1804,22,0,62
1805,26,0,92
1806,21,0,61
1807,26,0,80
1808,23,0,62
1809,23,0,68
1810,22,0,69
1811,24,0,77
1812,26,0,77
1813,23,0,67
1814,22,0,68
1815,26,0,79
1816,22,0,62
1817,25,0,76
1818,21,0,61
1819,22,0,60
1820,23,0,67
1821,24,0,77
1822,25,0,74
1823,26,0,72
1824,21,0,61
1825,24,0,69
1826,23,0,75
1827,22,0,62
1828,23,0,66
1829,24,0,69
1830,22,0,60
1831,24,0,70
1832,21,0,66
1833,20,0,54
1834,25,0,75
1835,23,0,64
1836,23,0,69
1837,22,0,68
1838,23,0,66
1839,20,0,53
1840,25,0,76
1841,20,0,56
1842,23,0,63
1843,28,0,87
1844,21,0,60
1845,20,0,57
1846,21,0,55
1847,21,0,60
1848,22,0,69
1849,22,0,65
1850,21,0,59
1851,20,0,60
1852,22,0,56
1853,22,0,63
1854,25,0,72
1855,22,0,71
1856,21,0,58
1857,20,0,57
1858,23,0,60
1859,24,0,75
1860,23,0,72
1861,25,0,83
1862,22,0,79
1863,23,0,61
1864,22,0,66
1865,25,0,73
1866,21,0,53
1867,36,1,77
1868,23,0,68
1869,24,0,91
1870,25,0,83
1871,23,0,60
1872,24,0,68
1873,25,0,76
1874,18,0,51
1875,21,0,60
1876,22,0,66
1877,27,0,110
1878,23,0,64
1879,24,0,72
1880,23,0,63
1881,23,0,73
1882,25,0,73
1883,26,0,76
1884,24,0,67
1885,34,1,109
1886,19,0,53
1887,23,0,67
1888,23,0,69
1889,20,0,63
1890,22,0,68
1891,23,0,75
1892,21,0,65
1893,26,0,74
1894,25,0,74
1895,21,0,64
1896,21,0,57
1897,26,0,75
1898,24,0,65
1899,25,0,67
1900,24,0,67
1901,23,0,66
1902,19,0,55
1903,25,0,73
1904,22,0,61
1905,21,0,59
1906,24,0,68
1907,23,0,65
1908,23,0,67
1909,21,0,60
1910,23,0,64
1911,20,0,50
1912,25,0,78
1913,21,0,58
1914,23,0,77
1915,22,0,60
1916,24,0,66
1917,19,0,59
1918,25,0,69
1919,22,0,64
1920,24,0,68
1921,21,0,58
1922,25,0,72
1923,20,0,56
1924,22,0,66
1925,24,0,74
1926,24,0,77
1927,19,0,49
1928,26,0,93
1929,19,0,55
1930,23,0,63
1931,20,0,59
1932,25,0,78
1933,18,0,49
1934,24,0,70
1935,22,0,82
1936,24,0,69
1937,22,0,59
1938,25,0,75
1939,24,0,74
1940,20,0,61
1941,24,0,66
1942,23,0,65
1943,23,0,59
1944,21,0,53
1945,26,0,73
1946,26,0,79
1947,19,0,77
1948,23,0,64
1949,21,0,52
1950,22,0,65
1951,24,0,64
1952,24,0,66
1953,25,0,71
1954,23,0,64
1955,22,0,59
1956,21,0,52
1957,23,0,66
1958,35,1,75
1959,23,0,67
1960,20,0,61
1961,22,0,63
1962,23,0,76
1963,23,0,68
1964,23,0,97
1965,23,0,69
1966,28,0,84
1967,25,0,74
1968,27,0,78
1969,24,0,75
1970,25,0,70
1971,17,0,49
1972,26,0,79
1973,22,0,64
1974,22,0,83
1975,22,0,54
1976,19,0,53
1977,21,0,64
1978,23,0,62
1979,23,0,63
1980,25,0,70
1981,22,0,61
1982,23,0,75
1983,22,0,57
1984,26,0,78
1985,21,0,67
1986,21,0,55
1987,21,0,59
1988,24,0,65
1989,25,0,70
1990,34,1,68
1991,23,0,64
1992,22,0,60
1993,25,0,67
1994,20,0,63
1995,22,0,66
1996,26,0,73
1997,22,0,59
1998,23,0,113
1999,23,0,68
2000,24,0,60
